<?xml version="1.0" encoding="UTF-8"?>
<metadata>
  <identifier>d64_Stygian_Tombs_19xx_Michael_K._Bonnycastle</identifier>
  <collection>softwarelibrary_c64_games</collection>
  <collection>softwarelibrary_c64</collection>
  <collection>softwarelibrary</collection>
  <description> Stygian Tombs (19xx)(Michael K. Bonnycastle)</description>
  <emulator>vice-resid</emulator>
  <emulator_ext>d64</emulator_ext>
  <emulator_start>Stygian_Tombs_19xx_Michael_K._Bonnycastle.d64</emulator_start>
  <language>eng</language>
  <mediatype>software</mediatype>
  <scanner>Internet Archive Python library 1.8.1</scanner>
  <title>Stygian Tombs</title>
  <publicdate>2018-09-15 00:46:46</publicdate>
  <uploader>sketch@cow.net</uploader>
  <addeddate>2018-09-15 00:46:46</addeddate>
  <previous-collection>softwarelibrary_c64_games</previous-collection>
  <creator>Michael K. Bonnycastle&#13;</creator>
  <backup_location>ia906801_34</backup_location>
</metadata>
