<?xml version="1.0" encoding="UTF-8"?>
<files>
  <file name="00_coverscreenshot.jpg" source="original">
    <mtime>1543220556</mtime>
    <size>274651</size>
    <format>JPEG</format>
    <rotation>0</rotation>
    <md5>64bc4619a9db193ade2bd40e9d803a76</md5>
    <crc32>87b37fbc</crc32>
    <sha1>f7e2f34a55d53a69a55fef82fd03313ef2a7f557</sha1>
  </file>
  <file name="00_coverscreenshot_thumb.jpg" source="derivative">
    <format>JPEG Thumb</format>
    <original>00_coverscreenshot.jpg</original>
    <mtime>1543220577</mtime>
    <size>3137</size>
    <md5>4e1419c451203d8e0fa06dcbe8a7f085</md5>
    <crc32>bb18307e</crc32>
    <sha1>872c3aa83108be161a643c9217ba0a3181d577ea</sha1>
  </file>
  <file name="Stygian_Tombs_19xx_Michael_K._Bonnycastle.d64" source="original">
    <mtime>1536972405</mtime>
    <size>174848</size>
    <md5>35dc7d2075db4df3240fa7e47ba1bbb5</md5>
    <crc32>c4d70170</crc32>
    <sha1>ed893c32ba946da79087c66d4e409978b9f44525</sha1>
    <format>Unknown</format>
  </file>
  <file name="Stygian_Tombs_19xx_Michael_K._Bonnycastle_screenshot.gif" source="original">
    <mtime>1543220561</mtime>
    <size>189391</size>
    <format>Emulator Screenshot</format>
    <md5>671622dcb8b15c193c9d39ebf04b7461</md5>
    <crc32>f91ad7be</crc32>
    <sha1>43e9a0714da3bc9b98fcdc7a2c43a7d4e8bc1751</sha1>
  </file>
  <file name="__ia_thumb.jpg" source="original">
    <mtime>1543220569</mtime>
    <size>7427</size>
    <format>Item Tile</format>
    <rotation>0</rotation>
    <md5>2aea2068f2685748999449aecb48907e</md5>
    <crc32>b843e534</crc32>
    <sha1>017bc3a26f4a21339a280d01a0699e5d1467d554</sha1>
  </file>
  <file name="d64_Stygian_Tombs_19xx_Michael_K._Bonnycastle_archive.torrent" source="metadata">
    <btih>486df7d629296e15728e7b6661168fb54e75d79f</btih>
    <mtime>1594285946</mtime>
    <size>3050</size>
    <md5>b4e6549808424216c53a8732f5bceea4</md5>
    <crc32>4f2970b2</crc32>
    <sha1>8364c2f3224e8e533284d92a3965a8913b4a4f2f</sha1>
    <format>Archive BitTorrent</format>
  </file>
  <file name="d64_Stygian_Tombs_19xx_Michael_K._Bonnycastle_files.xml" source="original">
    <format>Metadata</format>
    <md5>8318e6eaf5501482a6aa2edc555f5973</md5>
  </file>
  <file name="d64_Stygian_Tombs_19xx_Michael_K._Bonnycastle_meta.sqlite" source="original">
    <mtime>1543220564</mtime>
    <size>15360</size>
    <format>Metadata</format>
    <md5>1325ecf715837d3350c39cec4dcecf6f</md5>
    <crc32>f57e89f9</crc32>
    <sha1>eb5e1d25646c03ccd09b09cea98ad6afbf186142</sha1>
  </file>
  <file name="d64_Stygian_Tombs_19xx_Michael_K._Bonnycastle_meta.xml" source="original">
    <mtime>1594285946</mtime>
    <size>953</size>
    <format>Metadata</format>
    <md5>5c06725f3d43c26bcfed3990b80e9ba3</md5>
    <crc32>4569d1eb</crc32>
    <sha1>31bdf5812c841f18f562444513ab759dc8325ec0</sha1>
  </file>
  <file name="screenshot_00.jpg" source="original">
    <mtime>1543220558</mtime>
    <size>274651</size>
    <md5>64bc4619a9db193ade2bd40e9d803a76</md5>
    <crc32>87b37fbc</crc32>
    <sha1>f7e2f34a55d53a69a55fef82fd03313ef2a7f557</sha1>
    <format>JPEG</format>
    <rotation>0</rotation>
  </file>
  <file name="screenshot_00_thumb.jpg" source="derivative">
    <format>JPEG Thumb</format>
    <original>screenshot_00.jpg</original>
    <mtime>1543220578</mtime>
    <size>3137</size>
    <md5>4e1419c451203d8e0fa06dcbe8a7f085</md5>
    <crc32>bb18307e</crc32>
    <sha1>872c3aa83108be161a643c9217ba0a3181d577ea</sha1>
  </file>
</files>
